facility_type,region,total_providers,total_encounter_charge,avg_encounter_charge,avg_years_experience
Hospital,South,324,334927.3,658.0104125736739,19.3811394891945
Specialty Center,South,424,672546.29,655.5032066276804,19.742690058479532
Specialty Center,West,427,599974.54,634.222558139535,19.73784355179704
Urgent Care,North,328,334992.21,656.8474705882353,20.16078431372549
Urgent Care,South,430,611793.11,630.7145463917526,19.88144329896907
Urgent Care,West,444,647192.24,622.8991722810395,20.476419634263713
